drop_out,testing_accuracy
0.1,34.7999992370605
0.2,34.3400001525879
0.3,34.3699989318848
0.4,33.3600006103516
0.5,33.4900016784668
