momentum,testing_accuracy
0,32.9799995422363
0.25,33.2700004577637
0.5,34.1500015258789
0.75,34.7599983215332
1,10
