weight_decay,testing_accuracy
0,34.9300003051758
0.25,16.0900001525879
0.5,10
0.75,10
1,10
